,ID Producto,Producto
0,0,Aceite De Girasol Refinado 02 Hacendado 1 L
1,1,Aceite De Girasol Refinado 02 Hacendado 5 L
2,2,Aceite De Oliva 04 Hacendado
3,3,Aceite De Oliva 1 Hacendado Botella 1 L
4,4,Aceite De Oliva Intenso Hacendado Garrafa 3 L
5,5,Aceite De Oliva Suave Hacendado Garrafa 3 L
6,6,Aceite De Oliva Virgen Extra Hacendado Spray 200 Ml
7,7,Aceite De Oliva Virgen Extra Hacendado Botella 1 L
8,8,Aceite De Oliva Virgen Extra Hacendado Garrafa 3 L
9,9,Aceite De Oliva Virgen Extra Hacendado Gran Seleccion Botella 750 Ml
10,10,Aceite De Oliva Virgen Extra Picual Casa Juncal Botella 500 Ml
11,11,Aceite De Oliva Virgen Hacendado Botella 1 L
12,12,Aceite De Oliva Virgen Hacendado Garrafa 3 L
13,13,Leche Proteinas Desnatada Hacendado 6 L
14,14,Leche Desnatada Calcio Hacendado 6 L
15,15,Leche Desnatada Hacendado 1 L
16,16,Leche Desnatada Hacendado 15 L
17,17,Leche Desnatada Hacendado 6 L
18,18,Leche Desnatada Hacendado 9 L
19,19,Leche Desnatada Sin Lactosa Hacendado 1 L
20,20,Leche Desnatada Sin Lactosa Hacendado 6 L
21,21,Leche Entera Calcio Hacendado 1 L
22,22,Leche Entera Calcio Hacendado 6 L
23,23,Celta Leche Semidesnatada De Vaca Con Bienestar Animal Garantizado 4 X 15 L
24,24,Leche Entera Hacendado 1 L
25,25,Leche Entera Hacendado 12 L
26,26,Leche Entera Hacendado 6 L
27,27,Leche Entera Sin Lactosa Hacendado 1 L
28,28,Leche Entera Sin Lactosa Hacendado 6 L
29,29,Leche Semidesnatada Calcio Hacendado 1 L
30,30,Leche Semidesnatada Calcio Hacendado 6 L
31,31,Leche Semidesnatada Fresca Hacendado 1 L
32,32,Leche Semidesnatada Hacendado 1 L
33,33,Leche Semidesnatada Hacendado 12 L
34,34,Leche Semidesnatada Hacendado 15 L
35,35,Leche Semidesnatada Hacendado 6 L
36,36,Leche Semidesnatada Hacendado 9 L
37,37,Leche Semidesnatada Sin Lactosa Hacendado 1 L
38,38,Leche Semidesnatada Sin Lactosa Hacendado 6 L
39,39,Leche Semidesnatada Sin Lactosa Hacendado 9 L
40,40,Aceite De Girasol Capicua Garrafa 5 L
41,41,Aceite De Girasol Carrefour Classic 1 L
42,42,Aceite De Girasol Carrefour Garrafa 5 L
43,43,Aceite De Girasol Coosol 1 L
44,44,Aceite De Girasol Especial Para Freir Capicua 3 L
45,45,Aceite De Girasol Fontasol 1 L
46,46,Aceite De Girasol Fontasol 5 L
47,47,Aceite De Girasol Koipe Fritos 1 L
48,48,Aceite De Girasol Koipe Sol 1 L
49,49,Aceite De Girasol Koipe Sol Spray 150 Ml
50,50,Aceite De Girasol Para Freir Carrefour Garrafa 5 L
51,51,Aceite Refinado De Girasol Especial Para Freir Carrefour 1 L
52,52,Ozolife Aceite Girasol Ozonizado Airless 50 Ml
53,53,Aceite De Oliva 04 La Masia 1 L
54,54,Aceite De Oliva 04 Ybarra 1 L
55,55,Aceite De Oliva Extra Suave Carbonell 1 L
56,56,Aceite De Oliva Intenso 1 Abaco 1 L
57,57,Aceite De Oliva Intenso 1 Carrefour 1 L
58,58,Aceite De Oliva Intenso 1 Carrefour Garrafa 5 L
59,59,Aceite De Oliva Intenso 1 La Espanola 1 L
60,60,Aceite De Oliva Intenso 1 La Masia 1 L
61,61,Aceite De Oliva Intenso 1 La Masia Garrafa 5 L
62,62,Aceite De Oliva Original 04 Carbonell 1 L
63,63,Aceite De Oliva Original 04 Carbonell 5 L
64,64,Aceite De Oliva Original 04 Carbonell Pack De 2 Botellas De 1 L
65,65,Aceite De Oliva Sabor 1 Carbonell 1 L
66,66,Aceite De Oliva Suave 04 Abaco 1 L
67,67,Aceite De Oliva Suave 04 Carrefour 1 L
68,68,Aceite De Oliva Suave 04 Carrefour Garrafon 5 L
69,69,Aceite De Oliva Suave 04 Carrefour Lata 5 L
70,70,Aceite De Oliva Suave 04 La Espanola 1 L
71,71,Aceite De Oliva Suave 04 La Masia Garrafa 5 L
72,72,Aceite De Oliva Virgen Aromas Del Sur 5 L
73,73,Aceite De Oliva Virgen Carbonell 1 L
74,74,Aceite De Oliva Virgen Carrefour 1 L
75,75,Aceite De Oliva Virgen Carrefour Garrafa 5 L
76,76,Aceite De Oliva Virgen Extra A La Trufa La Espanola 250 Ml
77,77,Aceite De Oliva Virgen Extra Arbequina Carbonell 1 L
78,78,Aceite De Oliva Virgen Extra Arbequina Carrefour 1 L
79,79,Aceite De Oliva Virgen Extra Arbequina Coosur 1 L
80,80,Aceite De Oliva Virgen Extra Arbequina Dcoop 1 L
81,81,Aceite De Oliva Virgen Extra Arbequina K Arginano 750 Ml
82,82,Aceite De Oliva Virgen Extra Arbequina Oro Bailen 500 Ml
83,83,Aceite De Oliva Virgen Extra Aromas Del Sur 5 L
84,84,Aceite De Oliva Virgen Extra Capricho Andaluz Pack De 10 Porciones De 10 Ml
85,85,Aceite De Oliva Virgen Extra Carbonell 1 L
86,86,Aceite De Oliva Virgen Extra Carbonell 200 Ml
87,87,Aceite De Oliva Virgen Extra Carbonell 5 L
88,88,Aceite De Oliva Virgen Extra Carrefour 1 L
89,89,Aceite De Oliva Virgen Extra Carrefour 500 Ml
90,90,Aceite De Oliva Virgen Extra Carrefour 750 Ml
91,91,Aceite De Oliva Virgen Extra Carrefour Garrafa 5 L
92,92,Aceite De Oliva Virgen Extra Carrefour Spray 200 Ml
93,93,Aceite De Oliva Virgen Extra Coosur 1 L
94,94,Aceite De Oliva Virgen Extra Coosur Gran Seleccion 750 Ml
95,95,Aceite De Oliva Virgen Extra Dcoop 1 L
96,96,Aceite De Oliva Virgen Extra Dcoop 5 L
97,97,Aceite De Oliva Virgen Extra De Nuestra Tierra 1 L
98,98,Aceite De Oliva Virgen Extra De Nuestra Tierra 25 L
99,99,Aceite De Oliva Virgen Extra De Nuestra Tierra Do Les Garrigues 50 Cl
100,100,Aceite De Oliva Virgen Extra De Nuestra Tierra Do Priego De Cordoba
101,101,Aceite De Oliva Virgen Extra De Nuestra Tierra Do Sierra De Segura Lata 50 Cl
102,102,Aceite De Oliva Virgen Extra De Nuestra Tierra Do Sierra De Segura Lata 5 L
103,103,Aceite De Oliva Virgen Extra De Nuestra Tierra Garrafa 5 L
104,104,Aceite De Oliva Virgen Extra De Nuestra Tierra Lata 1 L
105,105,Aceite De Oliva Virgen Extra De Nuestra Tierra Lata 500 Ml
106,106,Aceite De Oliva Virgen Extra Ecologico Carbonell 750 Ml
107,107,Aceite De Oliva Virgen Extra Ecologico Carrefour Bio 1 L
108,108,Aceite De Oliva Virgen Extra Ecologico Carrefour Bio 3 L
109,109,Aceite De Oliva Virgen Extra Ecologico Carrefour Bio 500 Ml
110,110,Aceite De Oliva Virgen Extra Ecologico Carrefour Bio Hojiblanca 500 Ml
111,111,Aceite De Oliva Virgen Extra Ecologico Coosur 1 L
112,112,Aceite De Oliva Virgen Extra Ecologico Dcoop 1 L
113,113,Aceite De Oliva Virgen Extra Ecologico Maestros De Hojiblanca 75 Cl
114,114,Aceite De Oliva Virgen Extra Ecologico Oro De Genave 75 Cl
115,115,Aceite De Oliva Virgen Extra Gran Seleccion Carbonell 750 Ml
116,116,Aceite De Oliva Virgen Extra Hojiblanca Carbonell 1 L
117,117,Aceite De Oliva Virgen Extra Hojiblanca Carrefour 1 L
118,118,Aceite De Oliva Virgen Extra Hojiblanca Coosur 1 L
119,119,Aceite De Oliva Virgen Extra Hojiblanca Dcoop 1 L
120,120,Aceite De Oliva Virgen Extra Hojiblanca Gran Seleccion Sabor Frutado Ligero Carbonell 750 Ml
121,121,Aceite De Oliva Virgen Extra Intenso Coosur 1 L
122,122,Aceite De Oliva Virgen Extra Koipe 1 L
123,123,Aceite De Oliva Virgen Extra Maestros De Hojiblanca 1 L
124,124,Aceite De Oliva Virgen Extra Maestros De Hojiblanca 5 L
125,125,Aceite De Oliva Virgen Extra Marques De Grinon 500 Ml
126,126,Aceite De Oliva Virgen Extra Nunez De Prado 500 Ml
127,127,Aceite De Oliva Virgen Extra Oda A Nuestra Tierra N 5 Maestros De Hojiblanca 500 Ml
128,128,Aceite De Oliva Virgen Extra Oleoestepa 1 L
129,129,Aceite De Oliva Virgen Extra Picual Carbonell 1 L
130,130,Aceite De Oliva Virgen Extra Picual Carrefour 1 L
131,131,Aceite De Oliva Virgen Extra Picual Ecologico Oro Bailen 500 Ml
132,132,Aceite De Oliva Virgen Extra Picual Oro Bailen 500 Ml
133,133,Aceite De Oliva Virgen Extra Retama 1 L
134,134,Aceite De Oliva Virgen Extra Retama Garrafa 5 L
135,135,Aceite De Oliva Virgen Extra Sabor Ajo Maeva Spray 200 Ml
136,136,Aceite De Oliva Virgen Extra Variedad Arbequina Ecologico Carrefour Bio 500 Ml
137,137,Aceite De Oliva Virgen Extra Variedad Picual Dcoop 1 L
138,138,Aceite De Oliva Virgen Extra Variedad Picual Ecologico Carrefour Bio 500 Ml
139,139,Aceite De Oliva Virgen Extra Ybarra 1 L
140,140,Aceite De Oliva Virgen Extra Ybarra 750 Ml
141,141,Aceite De Oliva Virgen Plancha Y Horno Carbonell 200 Ml
142,142,Aceite De Oliva Virgen Serie Oro Coosur 1 L
143,143,Aceite De Oliva Virgen Serie Oro Coosur 5 L
144,144,Aceite De Orujo De Oliva 1 L
145,145,Aceite En Crema Oliva Mitica Sin Aclarado Garnier Original Remedies 200 Ml
146,146,Leche Corporal Hidratante Con Aceite De Oliva Para Piel Seca Nivea 400 Ml
147,147,Pulpo De Las Rias Gallegas En Aceite De Oliva De Nuestra Tierra 67 G
148,148,Leche Condensada Nestle La Lechera 370 G 
149,149,Leche De Cabra Entera Ecologica Cantero De Letur Botella 1 L 
150,150,Leche De Vaca Entera Ecologica Cantero De Letur Botella 1 L 
151,151,Leche Desnatada 0 Mg Con Calcio Movit Pascual Brik 1 L 
152,152,Leche Desnatada 0 Mg Con Calcio Pascual Brik 1 L 
153,153,Leche Desnatada 0 Mg Disney Puleva Brik 1 L 
154,154,Leche Desnatada 0 Mg Pascual Botella 15 L 
155,155,Leche Desnatada 0 Mg Pascual Brik 1 L 
156,156,Leche Desnatada 0 Mg Puleva Sin Gluten Sin Lactosa Botella 1 L 
157,157,Leche Desnatada Brik 1 L 
158,158,Leche Desnatada Carrefour Botella 15 L 
159,159,Leche Desnatada Carrefour Brik 1 L 
160,160,Leche Desnatada Carrefour Pack De 9 Briks De 1 L 
161,161,Leche Desnatada Carrefour Sin Lactosa Brik 1 L 
162,162,Leche Desnatada Con Cacao Enriquecida En Proteinas Calcio Y Vitaminas D K Y B12 Puleva Sin Lactosa 1 L 
163,163,Leche Desnatada Con Calcio Carrefour Brik 1 L 
164,164,Leche Desnatada Ecologica Carrefour Bio Brik 1 L 
165,165,Leche Desnatada Fresca Carrefour Botella 1 L 
166,166,Leche Desnatada President Brik 1 L 
167,167,Leche Desnatada Rio Brik 1 L 
168,168,Leche Desnatada Ultrafiltrada Central Lechera Asturiana Sin Lactosa Brik 1 L 
169,169,Leche Desnatada Ultrafiltrada Suprema Central Lechera Asturiana Sin Lactosa Brik 1 L 
170,170,Leche Desnatada Vitacalcio Puleva Brik 1 L 
171,171,Leche Dinamic Protein Pascual Sin Lactosa 1 L 
172,172,Leche En Polvo Entera Central Lechera Asturiana 800 G 
173,173,Leche Entera Brik 1 L 
174,174,Leche Entera Carrefour Botella 15 L 
175,175,Leche Entera Carrefour Brik 1 L 
176,176,Leche Entera Carrefour Pack De 9 Briks De 1 L 
177,177,Leche Entera Carrefour Sin Lactosa Brik 1 L 
178,178,Leche Entera Con Calcio Carrefour Brik 1 L 
179,179,Leche Entera De Cabra Pasteurizada Ecologica Carrefour Bio 750 Ml 
180,180,Leche Entera De Vaca Pasteurizada Saha 750 Ml 
181,181,Leche Entera Disney Puleva Brik 1 L 
182,182,Leche Entera Ecologica Carrefour Bio Brik 1 L 
183,183,Leche Entera Fresca Carrefour Botella 1 L 
184,184,Leche Entera President Brik 1 L 
185,185,Leche Entera Puleva Sin Gluten Sin Lactosa Botella 1 L 
186,186,Leche Entera Rio Brik 1 L 
187,187,Leche Entera Vitacalcio Puleva Brik 1 L 
188,188,Leche Fermentada Laban Saha Botella De 750 Ml 
189,189,Leche Fresca De Cabra Granja Noe Botella 750 Ml 
190,190,Leche Fresca De Oveja Granja Noe Botella 750 Ml 
191,191,Leche Semidesnatada 1 Mg Disney Puleva Brik 1 L 
192,192,Leche Semidesnatada Brik 1 L 
193,193,Leche Semidesnatada Carrefour Botella 15 L 
194,194,Leche Semidesnatada Carrefour Brik 1 L 
195,195,Leche Semidesnatada Carrefour Pack De 6 Briks De 200 Ml 
196,196,Leche Semidesnatada Carrefour Pack De 9 Briks De 1 L 
197,197,Leche Semidesnatada Carrefour Sin Lactosa Brik 1 L 
198,198,Leche Semidesnatada Central Lechera Asturiana Sin Lactosa Pack 3 Brik De 200 Ml 
199,199,Leche Semidesnatada Con Calcio Carrefour Brik 1 L 
200,200,Leche Semidesnatada Con Calcio Movit Pascual Brik 1 L 
201,201,Leche Semidesnatada Con Vitaminas Ad Puleva Brik 1 L 
202,202,Leche Semidesnatada De Oveja Covap Brik 1 L 
203,203,Leche Semidesnatada Ecologica Carrefour Bio Brik 1 L 
204,204,Leche Semidesnatada Ecologica Carrefour Bio Sin Lactosa Brik 1 L 
205,205,Leche Semidesnatada Ecologica Puleva Brik 1 L 
206,206,Leche Semidesnatada Hosteleria Gran Creme Rio Botella 15 L 
207,207,Leche Semidesnatada President Brik 1 L 
208,208,Leche Semidesnatada President Sin Lactosa Brik 1 L 
209,209,Leche Semidesnatada Puleva Sin Gluten Sin Lactosa Botella 1 L 
210,210,Leche Semidesnatada Rio Brik 1 L 
211,211,Leche Semidesnatada Vitacalcio Puleva Brik 1 L 
212,212,Leche Semidesnatada Vitacalcio Puleva Sin Lactosa Brik 1 L 
213,213,Aceite Alto Oleico Eroski Botella 1 Litro
214,214,Aceite De Girasol Eroski Botella 1 Litro
215,215,Aceite De Girasol Eroski Garrafa 5 Litros
216,216,Aceite De Girasol Especial Para Freir Coosol Botella 1 Litro
217,217,Aceite De Girasol Koipesol Garrafa 3 Litros
218,218,Aceite De Girasol Lanisol Botella 1 Litro
219,219,Aceite De Girasol Urzante Botella 1 Litro
220,220,Aceite Especial Para Freir Koipe Fritos Botella 1 Litro
221,221,Aceite Aguacate Virgen Extra La Espanola Soy Plus Botella 25 Cl
222,222,Aceite De Girasol Koipesol Spray 150 Ml
223,223,Aceite De Oliva 04 Carbonell Botella 1 Litro
224,224,Aceite De Oliva 04 Carbonell Garrafa 3 Litros
225,225,Aceite De Oliva 04 Carbonell Garrafa 5 Litros
226,226,Aceite De Oliva 04 Carbonell Lata 5 Litros
227,227,Aceite De Oliva 04 Coosur Botella 75 Cl
228,228,Aceite De Oliva 04 Eroski Botella 1 Litro
229,229,Aceite De Oliva 04 La Espanola Botella 1 Litro
230,230,Aceite De Oliva 04 La Masia Botella 1 Litro
231,231,Aceite De Oliva 04 Olilan Botella 1 Litro
232,232,Aceite De Oliva 04 Urzante Botella 1 Litro
233,233,Aceite De Oliva 04 Ybarra Botella 1 Litro
234,234,Aceite De Oliva 1 Eroski Botella 1 Litro
235,235,Aceite De Oliva 1 Koipe Botella 1 Litro
236,236,Aceite De Oliva 1 Olilan Botella 1 Litro
237,237,Aceite De Oliva 1 Urzante Botella 1 Litro
238,238,Aceite De Oliva 1 Ybarra Botella 1 Litro
239,239,Aceite De Oliva Picante La Espanola Spray 200 Ml
240,240,Aceite De Oliva Sabor Carbonell Botella 1 Litro
241,241,Aceite De Oliva Sabor Eroski Garrafa 5 Litros
242,242,Aceite De Oliva Suave 04 Koipe Botella 1 Litro
243,243,Aceite De Oliva Suave Eroski Garrafa 5 Litros
244,244,Aceite De Oliva Suave La Masia Garrafa 3 Litros
245,245,Aceite De Oliva Sumum La Masia Botella 1 Litro
246,246,Aceite De Oliva Sumum La Masia Garrafa 3 Litros
247,247,Aceite De Oliva V Extra Arbequina Carbonell Botella 1 Litro
248,248,Aceite De Oliva V Extra Carbonell G Seleccion Botella 75 Cl
249,249,Aceite De Oliva V Extra Primera Cosecha Jaencoop Botella 50 Cl
250,250,Aceite De Oliva Virgen Extra Al Ajo La Espanola Botella 25 Cl
251,251,Aceite De Oliva Virgen Extra Albahaca La Espanola Botella 25 Cl
252,252,Aceite De Oliva Virgen Extra Arbequina Borges Botella 75 Cl
253,253,Aceite De Oliva Virgen Extra Arbequina Carbonell Botella 75 Cl
254,254,Aceite De Oliva Virgen Extra Arronizarbe Nekeas Botella 50 Cl
255,255,Aceite De Oliva Virgen Extra Blend N5 Hojiblanca Botella 50 Cl
256,256,Aceite De Oliva Virgen Extra Blend N6 Hojiblanca Botella 50 Cl
257,257,Aceite De Oliva Virgen Extra Blend N7 Hojiblanca Botella 50 Cl
258,258,Aceite De Oliva Virgen Extra Carbonell Botellin 25 Cl
259,259,Aceite De Oliva Virgen Extra Carbonell Garrafa 3 Litros
260,260,Aceite De Oliva Virgen Extra Carbonell Spray 20 Cl
261,261,Aceite De Oliva Virgen Extra Coosur Botella 250 Ml
262,262,Aceite De Oliva Virgen Extra Eco Coosur Botella 1 Litro
263,263,Aceite De Oliva Virgen Extra Eco Oro De Genabe Botella 75 Cl
264,264,Aceite De Oliva Virgen Extra Eco Oleum Duernas Botella 50 Cl
265,265,Aceite De Oliva Virgen Extra Ecol Oro De Genabe Botella 75 Cl
266,266,Aceite De Oliva Virgen Extra Eroski Botella 1 Litro
267,267,Aceite De Oliva Virgen Extra Eroski Garrafa 3 Litros
268,268,Aceite De Oliva Virgen Extra Guind La Espanola Botella 25 Cl
269,269,Aceite De Oliva Virgen Extra Hojiblanca Garrafa 3 Litros
270,270,Aceite De Oliva Virgen Extra Hojiblanca Garrafa 5 Litros
271,271,Aceite De Oliva Virgen Extra Koipe Botella 1 Litro
272,272,Aceite De Oliva Virgen Extra La Espanola Gourmet Botella 50 Cl
273,273,Aceite De Oliva Virgen Extra La Espanola Botella 75 Cl
274,274,Aceite De Oliva Virgen Extra Mendia Garrafa 3 Litros
275,275,Aceite De Oliva Virgen Extra Saqura Botella 50 Cl
276,276,Aceite De Oliva Virgen Extra Trufa La Espanola Botella 25 Cl
277,277,Aceite De Oliva Virgen Extra Urzante Botella 1 Litro
278,278,Aceite De Oliva Virgen Extra Urzante Botella 75 Cl
279,279,Aceite De Oliva Virgen Extra Ybarra Botella 75 Cl
280,280,Aceite De Oliva Virgen Guillen Gran Seleccion Botella 50 Cl
281,281,Aceite De Oliva Virgen Guillen Botella 1 Litro
282,282,Aceite De Oliva Virgen Guillen Garrafa 5 Litros
283,283,Aceite De Oliva Virgen La Espanola Botella 1 Litro
284,284,Aceite De Oliva Virgen Picual Carbonell Botella 75 Cl
285,285,Aceite De Oliva Virgen Plancha Y Airfryer Carbonell Spray 20 Cl
286,286,Aceite De Oliva Virgen Regium Carbonell Botella 75 Cl
287,287,Aceite De Orujo De Oliva Mil Olivas Botella 1 Litro
288,288,Aceite De Semilla Para Wok La Espanola Spray 200 Ml
289,289,Aceite De Sesamo La Espanola Soy Plus Botella 250 Ml
290,290,Aceite Oliva V Extra Do Navarra O De La Ribera Botella 75 Cl
291,291,Aceite Oliva V Extra Don Arroniz Trujal Tudela Botella 50 Cl
292,292,Aceite Oliva V Extra Picual Eco Duernas Oleum Botella 50 Cl
293,293,Aceite Oliva Virgen Extra Arroniz Trujal Tudela Botella 1 Litro
294,294,Aceite Oliva Virgen Extra Coosur Gran Seleccion Botella 75 Cl
295,295,Aceite Oliva Virgen Extra Dop Sierra De Cazorla Botella 50 Cl
296,296,Aceite Oliva Virgen Extra Palacio De Los Olivos Botella 50 Cl
297,297,Aceite Oliva Virgen Extra Picual Coosur Botella 1 Litro
298,298,Aceite Oliva Virgen Extra Reyno Gourmet Mendia Botella 1 Litro
299,299,Aceite Oliva Virgen Para Planchay Airfryer Carbonell Spray 20Cl
300,300,Aceite Para Airfryer La Espanola Spray 200 Ml
301,301,Leche Calcio Semidesnatada Sin Lactosa Puleva Brik 1 Litro
302,302,Leche De Oveja Pasteurizada Ultzama Botella 1 Litro
303,303,Leche Desnatada 0 Sin Lactosa M G Asturiana Brik 1 Litro
304,304,Leche Desnatada Alta En Proteinas Puleva Brik 1 Litro
305,305,Leche Desnatada Asturiana Botella 15 Litros
306,306,Leche Desnatada Asturiana Botella 22 Litros
307,307,Leche Desnatada Asturiana Brik 50 Cl
308,308,Leche Desnatada Beyena Brik 1 Litro
309,309,Leche Desnatada Bomilk Brik 1 Litro
310,310,Leche Desnatada Calcio Asturiana Brik 1 Litro
311,311,Leche Desnatada Calcio Eroski Brik 1 Litro
312,312,Leche Desnatada Calcio Plus Kaiku Brik 1 Litro
313,313,Leche Desnatada Celta Brik 15 Litros
314,314,Leche Desnatada Del Pais Vasco Eroski Brik 1 Litro
315,315,Leche Desnatada Eroski Botella 15 Litros
316,316,Leche Desnatada Euskal Herria Brik 1 Litro
317,317,Leche Desnatada Pascual Botella 15 Litros
318,318,Leche Desnatada Ram Brik 1 Litro
319,319,Leche Desnatada Sin Lactosa Lacturale Brik 1 Litro
320,320,Leche Desnatada Sin Lactosa Puleva M Ligeras Botella 1 Litro
321,321,Leche Desnatada Suprema Asturiana Brik 1 Litro
322,322,Leche Desnatada Uht Bizkaia Esnea Brik 1 Litro
323,323,Leche En Polvo Desnatada Sveltesse Lata 400 G
324,324,Leche Entera Asturiana Botella 15 Litros
325,325,Leche Entera Asturiana Botella 22 Litros
326,326,Leche Entera Asturiana Brik 50 Cl
327,327,Leche Entera Asturiana Pack 6X200 Ml
328,328,Leche Entera Beyena Brik 1 Litro
329,329,Leche Entera Bomilk Brik 1 Litro
330,330,Leche Entera Calcio Eroski Brik 1 Litro
331,331,Leche Entera Del Pais Vasco Eroski Brik 1 Litro
332,332,Leche Entera Eroski Botella 15 Litros
333,333,Leche Entera Euskal Herria Brik 1 Litro
334,334,Leche Entera Kaiku Disney Pack 6X200 Ml
335,335,Leche Entera Pascual Botella 15 Litros
336,336,Leche Entera Ram Brik 1 Litro
337,337,Leche Entera Sin Lactosa Asturiana Brik 1 Litro
338,338,Leche Entera Sin Lactosa Eroski Brik 1 Litro
339,339,Leche Entera Sin Lactosa Puleva M Ligeras Botella 1 Litro
340,340,Leche Entera Uht Bizkaia Esnea Brik 1 Litro
341,341,Leche Evaporada Eroski Pack 3X210 G
342,342,Leche Evaporada Ideal Brik 210 G
343,343,Leche Evaporizada Ideal Porciones Pack 10X75 G
344,344,Leche Fresca Entera Kaiku Gurea Botella 1 Litro
345,345,Leche Fresca Entera Lactebal Bolsa 1 Litro
346,346,Leche Fresca Entera Pais Vasco Eroski Botella 1 Litro
347,347,Leche Fresca Semi Desnatada Kaiku Gurea Botella 1 Litro
348,348,Leche Fresca Semidesnatada Pais Vasco Eroski Botella 1 Litro
349,349,Leche Ligera Desnatada Puleva Disney Brik 1 Litro
350,350,Leche Ligera Entera Puleva Disney Brik 1 Litro
351,351,Leche Ligera Semidesnatada Puleva Disney Brik 1 Litro
352,352,Leche Liquida Evaporizada Ideal Brik 525 G
353,353,Leche Semi Sin Lactosa Puleva M Ligeras Botella 1 Litro
354,354,Leche Semidesnatada Asturiana Botella 15 Litros
355,355,Leche Semidesnatada Asturiana Botella 22 Litros
356,356,Leche Semidesnatada Asturiana Brik 50 Cl
357,357,Leche Semidesnatada Beyena Brik 1 Litro
358,358,Leche Semidesnatada Bomilk Brik 1 Litro
359,359,Leche Semidesnatada Calcio Asturiana Brik 1 Litro
360,360,Leche Semidesnatada Calcio Eroski Brik 1 Litro
361,361,Leche Semidesnatada Calcio Kaiku Brik 1 Litro
362,362,Leche Semidesnatada De Cabra Puleva Brik 1 Litro
363,363,Leche Semidesnatada Del Pais Vasco Eroski Brik 1 Litro
364,364,Leche Semidesnatada Eroski Botella 15 Litros
365,365,Leche Semidesnatada Euskal Herria Brik 1 Litro
366,366,Leche Semidesnatada Pascual Botella 15 Litros
367,367,Leche Semidesnatada Pascual Pack 6X188 Ml
368,368,Leche Semidesnatada Pastoreo Celta Botella 1 Litro
369,369,Leche Semidesnatada Ram Brik 1 Litro
370,370,Leche Semidesnatada Sin Lactosa Asturiana Brik 1 Litro
371,371,Leche Semidesnatada Sin Lactosa Asturiana Pack 3X200 Ml
372,372,Leche Semidesnatada Sin Lactosa Bizkaia Esnea Brik 1 Litro
373,373,Leche Semidesnatada Sin Lactosa Celta Brik 1 Litro
374,374,Leche Semidesnatada Sin Lactosa Eroski Brik 1 Litro
375,375,Leche Semidesnatada Sin Lactosa Kaiku Pack 3X200 Ml
376,376,Leche Semidesnatada Sin Lactosa Pascual Pack 6X200 Ml
377,377,Leche Semidesnatada Suprema Asturiana Brik 1 Litro
378,378,Leche Semidesnatada Uht Bizkaia Esnea Brik 1 Litro
379,379,Leche Sin Lactosa Con Proteinas Pascual Protein Brik 1 Litro
380,380,Leche Sin Lactosa Desnatada Celta Botella 1 Litro
381,381,Leche Sin Lactosa Desnatada Eroski Brik 1 Litro
382,382,Leche Uht 00 Materia Grasa Asturiana Botella 15 Litros
383,383,Leche Uht 00 Materia Grasa Asturiana Brik 1 Litro
384,384,Leche Uht Desnatada Kaiku Botella 15 Litros
385,385,Leche Uht Entera Kaiku Botella 15 Litros
386,386,Leche Uht Entera Pastoreo Celta Botella 1 Litro
387,387,Leche Uht Semidesnatada Kaiku Botella 15 Litros
388,388,Preparado Lacteo Con Omega 3 Flora Brik 1 Litro
389,389,Preparado Lacteo Flora Proactiv Brik 1 Litro
390,390,Preparado Lacteo Ligero Flora Floricb Brik 1 Litro
391,391,Preparado Lacteo Naturcol Asturiana Brik 1 Litro
392,392,Preparado Lacteo Original Flora Folicb Brik 1 Litro
393,393,Preparado Lacteo S Lactosa Puleva Omega3 Proess Brik 1 Litro
394,394,Aceite De Girasol Alto Oleico Especial Freidora De Aire Diasol Spray 200 Ml
395,395,Aceite De Girasol Coosol Garrafa 5 L
396,396,Aceite De Girasol Koipe Botella 1 L
397,397,Aceite De Girasol La Masia Garrafa 5 L
398,398,Aceite Refinado De Girasol Diasol Botella 1 L
399,399,Aceite Refinado De Girasol Diasol Garrafa 5 L
400,400,Aceite De Oliva Intenso Carbonell Botella 1 L
401,401,Aceite De Oliva Intenso La Almazara Del Olivar De Dia Botella 1 L
402,402,Aceite De Oliva Intenso La Almazara Del Olivar De Dia Botella 3 L
403,403,Aceite De Oliva Intenso La Almazara Del Olivar De Dia Garrafa 5 L
404,404,Aceite De Oliva Intenso La Almazara Del Olivar Dia De Dia Botella 3 L
405,405,Aceite De Oliva Suave La Almazara Del Olivar De Dia Botella 1 L
406,406,Aceite De Oliva Suave La Almazara Del Olivar De Dia Botella 3 L
407,407,Aceite De Oliva Suave La Almazara Del Olivar De Dia Garrafa 5 L
408,408,Aceite De Oliva Virgen Coosur Botella 1 L
409,409,Aceite De Oliva Virgen Extra A La Guindilla La Espanola Botella 250 Ml
410,410,Aceite De Oliva Virgen Extra A La Trufa Blanca La Espanola Botella 250 Ml
411,411,Aceite De Oliva Virgen Extra Carbonell Botella 750 Ml
412,412,Aceite De Oliva Virgen Extra Dcoop Botella 1 L
413,413,Aceite De Oliva Virgen Extra Dcoop Garrafa 3 L
414,414,Aceite De Oliva Virgen Extra Ecologico Oro De Genave Botella 500 Ml
415,415,Aceite De Oliva Virgen Extra Hojiblanca Botella 500 Ml
416,416,Aceite De Oliva Virgen Extra Jaencoop Botella 1 L
417,417,Aceite De Oliva Virgen Extra Jaencoop Botella 250 Ml
418,418,Aceite De Oliva Virgen Extra La Almazara Del Olivar De Dia Botella 1 L
419,419,Aceite De Oliva Virgen Extra La Almazara Del Olivar De Dia Botella 750 Ml
420,420,Aceite De Oliva Virgen Extra La Almazara Del Olivar De Dia Garrafa 3 L
421,421,Aceite De Oliva Virgen Extra Y Aroma De Trufa La Espanola Spray 200 Ml
422,422,Aceite De Oliva Virgen La Almazara Del Olivar De Dia Garrafa 3 L
423,423,Bebida Lactea Buenas Noches Puleva Brik 1 L
424,424,Bebida Lactea Folic B Flora Brik 1 L
425,425,Bebida Lactea Omega 3 Sin Lactosa Puleva Brik 1 L
426,426,Bebida Lactea Omega 3 Sin Lactosa Puleva Pack 6 X 1 L
427,427,Leche Desnatada Calcio Dia Lactea Brik 1 L
428,428,Leche Desnatada Calcio Pascual Brik 6 X 1 L
429,429,Leche Desnatada Calcio Puleva Pack 6 X 1 L
430,430,Leche Desnatada Central Lechera Asturiana Botella 22 L
431,431,Leche Desnatada Central Lechera Asturiana Botella 6 X 15 L
432,432,Leche Desnatada Central Lechera Asturiana Brik 6 X 1 L
433,433,Leche Desnatada Central Lechera Asturiana Pack 6 X 22 L
434,434,Leche Desnatada Dia Lactea Brik 1 L
435,435,Leche Desnatada Dia Lactea Brik 6 X 1 L
436,436,Leche Desnatada Omega 3 Puleva Brik 1 L
437,437,Leche Desnatada Pascual Brik 6 X 1 L
438,438,Leche Desnatada Rica En Proteinas Puleva Brik 1 L
439,439,Leche Desnatada Rica En Proteinas Puleva Pack 6 X 1 L
440,440,Leche Desnatada Sin Lactosa Central Lechera Asturiana Brik 6 X 1 L
441,441,Leche Desnatada Sin Lactosa Dia Lactea Brik 1 L
442,442,Leche Desnatada Sin Lactosa Dia Lactea Brik 6 X 1 L
443,443,Leche Desnatada Sin Lactosa Pascual Brik 6 X 1 L
444,444,Leche Desnatada Suprema Central Lechera Asturiana Brik 1 L
445,445,Leche Entera Calcio Puleva Pack 6 X 1 L
446,446,Leche Entera Central Lechera Asturiana Botella 22 L
447,447,Leche Entera Central Lechera Asturiana Botella 6 X 15 L
448,448,Leche Entera Central Lechera Asturiana Brik 6 X 1 L
449,449,Leche Entera Central Lechera Asturiana Pack 6 X 22 L
450,450,Leche Entera Dia Lactea Brik 1 L
451,451,Leche Entera Dia Lactea Brik 3 X 200 Ml
452,452,Leche Entera Dia Lactea Brik 6 X 1 L
453,453,Leche Entera Pascual Brik 6 X 1 L
454,454,Leche Entera Sin Lactosa Central Lechera Asturiana Pack 6 X 1 L
455,455,Leche Entera Sin Lactosa Dia Lactea Brik 1 L
456,456,Leche Entera Sin Lactosa Dia Lactea Brik 6 X 1 L
457,457,Leche Entera Sin Lactosa Pascual Brik 6 X 1 L
458,458,Leche Evaporada Sin Lactosa Ideal Brik 525 G
459,459,Leche Fresca Entera Dia Lactea Botella 1 L
460,460,Leche Fresca Semidesnatada Dia Lactea Botella 1 L
461,461,Leche Semidesnatada Calcio Dia Lactea Brik 1 L
462,462,Leche Semidesnatada Calcio Pascual Brik 6 X 1 L
463,463,Leche Semidesnatada Central Lechera Asturiana Botella 22 L
464,464,Leche Semidesnatada Central Lechera Asturiana Botella 6 X 15 L
465,465,Leche Semidesnatada Central Lechera Asturiana Botella 6 X 22 L
466,466,Leche Semidesnatada Central Lechera Asturiana Brik 500 Ml
467,467,Leche Semidesnatada Central Lechera Asturiana Brik 6 X 1 L
468,468,Leche Semidesnatada De Cabra Covap Brik 1 L
469,469,Leche Semidesnatada Dia Lactea Brik 1 L
470,470,Leche Semidesnatada Dia Lactea Brik 6 X 1 L
471,471,Leche Semidesnatada Pascual Botella 6 X 188 Ml
472,472,Leche Semidesnatada Pascual Brik 6 X 1 L
473,473,Leche Semidesnatada Sin Lactosa Central Lechera Asturiana Brik 6 X 1 L
474,474,Leche Semidesnatada Sin Lactosa Dia Lactea Brik 1 L
475,475,Leche Semidesnatada Sin Lactosa Dia Lactea Brik 6 X 1 L
476,476,Leche Semidesnatada Sin Lactosa Pascual Brik 6 X 1 L
477,477,Abrilsol Aceite Refinado De Girasol Botella 1 L
478,478,Borges Borgefrit Aceite Refinado De Girasol Para Freir Botella 1 L
479,479,Coosol Aceite Refinado De Girasol Especial Freir Botella 1 L
480,480,El Corte Ingles Aceite Refinado De Girasol Botella 1 L
481,481,El Corte Ingles Aceite Refinado De Girasol Garrafa 5 L
482,482,Elosol Aceite Refinado De Girasol Botella 1 L
483,483,Koipe Sol Aceite Refinado De Girasol Botella 1 L
484,484,Abril Aceite De Oliva Intenso 1 Botella 1 L
485,485,Abril Aceite De Oliva Intenso 1 Garrafa 5 L
486,486,Abril Aceite De Oliva Suave 04 Botella 1 L
487,487,Abril Aceite De Oliva Suave 04 Garrafa 5 L
488,488,Abril Aceite De Oliva Virgen Extra Arbequina Botella 1 L
489,489,Abril Aceite De Oliva Virgen Extra Botella 1 L
490,490,Abril Aceite De Oliva Virgen Extra Ecologico Botella 500 Ml
491,491,Abril Aceite De Oliva Virgen Extra Garrafa 5 L
492,492,Abril Aceite De Oliva Virgen Extra Hojiblanca Botella 1 L
493,493,Abril Aceite De Oliva Virgen Extra Picual Botella 1 L
494,494,Abril Gran Seleccion Aceite De Oliva Virgen Extra Botella 1 L
495,495,Aceites De Ardales Aceite De Oliva Virgen Extra Caminito Del Rey Botella 500 Ml
496,496,Aceites De Ardales Aceite De Oliva Virgen Extra Botella 500 Ml
497,497,Aceites De Ardales Aceite De Oliva Virgen Extra Lata 200 Ml
498,498,Aceites De Ardales Aceite De Oliva Virgen Extra Lata 500 Ml
499,499,Aceites De Ardales Aceites De Oliva Virgen Extra Botella 1 L
500,500,Agus Aceite De Oliva Virgen Extra Arbequina Seleccion Limitada Botella 250 Ml
501,501,Agus Aceite De Oliva Virgen Extra Arbequina Seleccion Limitada Botella 500 Cc
502,502,Alhema De Queiles Aceite De Oliva Virgen Extra Ecologico Lata 500 Ml
503,503,Aljibes Aceite De Oliva Virgen Extra Arbequina Picual Botella 250 Ml
504,504,Almaoliva Aceite De Oliva Virgen Extra Arbequina Botella 500 Ml
505,505,Amarga Y Pica Aceite De Oliva Virgen Extra Edicion Especial Cosecha Temprana Dop Montes De Granada Botella 500 Ml
506,506,Arboleda Aceite De Oliva Virgen Extra Botella 1 L
507,507,Arboleda Aceite De Oliva Virgen Extra Dop Aceite Del Bajo Aragon Botella 500 Ml
508,508,Arboleda Aceite De Oliva Virgen Extra Garrafa 5 L
509,509,Borges Aceite De Oliva Intenso 08 Garrafa 5 L
510,510,Borges Aceite De Oliva Intenso 1 Botella 1 L
511,511,Borges Aceite De Oliva Suave 04 Botella 1 L
512,512,Borges Aceite De Oliva Suave 04 Garrafa 5 L
513,513,Borges Aceite De Oliva Virgen Extra Arbequina Botella 750 Ml
514,514,Borges Aceite De Oliva Virgen Extra Arbequina Suave Y Afrutado Botella 500 Ml
515,515,Borges Aceite De Oliva Virgen Extra Ecologico Botella 500 Ml
516,516,Borges Armonia Aceite De Oliva Virgen Extra Hojiblanca Botella 500 Ml
517,517,Borges Caracter Aceite De Oliva Virgen Extra Picual Botella 500 Ml
518,518,Carbonell Aceite De Oliva Intenso 1 Botella 1 L
519,519,Carbonell Aceite De Oliva Suave 04 Botella 1 L
520,520,Carbonell Aceite De Oliva Suave 04 Botella 750 Ml
521,521,Carbonell Aceite De Oliva Suave 04 Garrafa 3 L
522,522,Carbonell Aceite De Oliva Suave 04 Garrafa 5 L
523,523,Carbonell Aceite De Oliva Suave 04 Lata 5 L
524,524,Carbonell Aceite De Oliva Suave 04 Original Para Plancha Y Horno Spray 200 Ml
525,525,Carbonell Aceite De Oliva Suave 04 Pack 2 Botellas 1 L
526,526,Carbonell Aceite De Oliva Virgen Extra 100 Hojiblanca Botella 1 L
527,527,Carbonell Aceite De Oliva Virgen Extra Ecologico Botella 750 Ml
528,528,Carbonell Aceite De Oliva Virgen Extra Especial Para Tostadas Y Ensaladas Spray 200 Ml
529,529,Carbonell Aceite De Oliva Virgen Extra Nuevo Formato Botella 500 Ml Tapon Irrellenable
530,530,Carbonell Gran Seleccion Aceite De Oliva Virgen Extra Arbequina Sabor Dulce Botella 750 Ml
531,531,Carbonell Gran Seleccion Aceite De Oliva Virgen Extra Botella 250 Ml
532,532,Carbonell Gran Seleccion Aceite De Oliva Virgen Extra Botella 500 Ml
533,533,Carbonell Gran Seleccion Aceite De Oliva Virgen Extra Hojiblanca Sabor Frutado Ligero Botella 750 Ml
534,534,Carbonell Gran Seleccion Aceite De Oliva Virgen Extra Picual Sabor Frutado Medio Botella 750 Ml
535,535,Carbonell Gran Seleccion Aceite De Oliva Virgen Extra Sabor Equilibrado Botella 750 Ml
536,536,Carbonell Gran Seleccion Regium Aceite De Oliva Virgen Extra Solo De Pulpa De Aceituna Botella 750 Ml
537,537,Casas De Hualdo Aceite De Oliva Virgen Extra Arbequina Botella 500 Ml
538,538,Casas De Hualdo Aceite De Oliva Virgen Extra Cornicabra Dop Montes De Toledo Botella 500 Ml
539,539,Castillo De Canena Aceite De Oliva Virgen Extra Variedad Picual Reserva Familiar Botella 500 Ml
540,540,Changlot Real Gourmet Seleccion Aceite De Oliva Virgen Extra Botella 500 Ml
541,541,Conde De Benalua Aceite De Oliva Virgen Extra Seleccion Gourmet Botella 500 Ml
542,542,Conde De Benalua Aceite De Oliva Virgen Extra Seleccion Gourmet Garrafa 2 L
543,543,Conde De Benalua Aceite De Oliva Virgen Extra Seleccion Gourmet Garrafa 5 L
544,544,Coosur Aceite De Oliva Intenso 1 Botella 1 L
545,545,Coosur Aceite De Oliva Suave 04 Botella 1 L
546,546,Coosur Aceite De Oliva Virgen Extra Ecologico Botella 1 L
547,547,Coosur Aceite De Oliva Virgen Extra Origen Seleccion Especial Cooperativa Botella 1 L
548,548,Coosur Aceite De Oliva Virgen Serie Oro Garrafa 5 L
549,549,Coosur Aceite De Oliva Virgen Serie Oro Lata 5 L
550,550,Coosur Gran Seleccion Aceite De Oliva Virgen Extra Botella 750 Ml
551,551,Dominus Aceite De Oliva Virgen Extra Cosecha Temprana Botella 500 Ml
552,552,Duc Aceite De Oliva Virgen Extra Dop Aceite De Terra Alta Botella 750 Ml
553,553,Duc Aceite De Oliva Virgen Extra Garrafa 3 L
554,554,Duc Aceite De Oliva Virgen Extra Garrafa 5 L
555,555,El Corte Ingles Aceite De Oliva Intenso 1 Contiene Aceites Refinados Y Virgenes Botella 1 L
556,556,El Corte Ingles Aceite De Oliva Intenso 1 Contiene Aceites Refinados Y Virgenes Garrafa 5 L
557,557,El Corte Ingles Aceite De Oliva Intenso 1 Contiene Aceites Refinados Virgenes Y 50 De Virgen Extra Botella 1 L
558,558,El Corte Ingles Aceite De Oliva Intenso 1 Contiene Aceites Refinados Virgenes Y 50 De Virgen Extra Garrafa 5 L
559,559,El Corte Ingles Aceite De Oliva Suave 04 Contiene Aceites Refinados Y Virgenes Botella 1 L
560,560,El Corte Ingles Aceite De Oliva Suave 04 Contiene Aceites Refinados Y Virgenes Garrafa 5 L
561,561,El Corte Ingles Aceite De Oliva Suave 04 Contiene Aceites Refinados Virgenes Y 20 De Virgen Extra Botella 1 L
562,562,El Corte Ingles Aceite De Oliva Suave 04 Contiene Aceites Refinados Virgenes Y 20 De Virgen Extra Garrafa 5 L
563,563,El Corte Ingles Aceite De Oliva Virgen Botella 1 L
564,564,El Corte Ingles Aceite De Oliva Virgen Extra Botella 1 L
565,565,El Corte Ingles Aceite De Oliva Virgen Extra Botella 750 Ml
566,566,El Corte Ingles Aceite De Oliva Virgen Extra Garrafa 5 L
567,567,El Corte Ingles Aceite De Oliva Virgen Extra Hojiblanca Botella 1 L
568,568,El Corte Ingles Aceite De Oliva Virgen Extra Hojiblanca Garrafa 5 L
569,569,El Corte Ingles Aceite De Oliva Virgen Extra Spray 200 Ml
570,570,El Corte Ingles Aceite De Oliva Virgen Garrafa 5 L
571,571,El Corte Ingles Bio Aceite De Oliva Virgen Extra Ecologico Botella 500 Ml
572,572,El Corte Ingles Selection Aceite De Oliva Virgen Extra Almazaras De La Subbetica Variedad Hojiblanca Botella 500 Ml
573,573,El Corte Ingles Selection Aceite De Oliva Virgen Extra Lata 5 L
574,574,El Corte Ingles Selection Aceite De Oliva Virgen Extra Torre De Canena Variedad Picual Botella 500 Ml
575,575,El Lagar Del Soto Aceite De Oliva Virgen Extra Dop Gatahurdes Manzanilla Cacerena Botella 500 Ml
576,576,El Lagar Del Soto Aceite De Oliva Virgen Extra Ecologico 100 Manzanilla Cacerena Lata 500 Ml
577,577,Ester Sole Aceite De Oliva Virgen Extra Arbequina Dop Siurana Garrafa 2 L
578,578,Ester Sole Aceite De Oliva Virgen Extra Dop Siurana Arbequina Botella 1 L
579,579,Ferrarini Aceite De Oliva Virgen Extra Lata 1 L
580,580,Finca Penamoucho Aceite De Oliva Virgen Extra Arbequina Botella 500 Ml
581,581,Flor De Arana Aceite De Oliva Virgen Extra Botella 500 Ml
582,582,Fuenroble Aceite De Oliva Virgen Extra Dop Sierra De Segura Lata 1 L
583,583,Fuenroble Aceite De Oliva Virgen Extra Picual Do Sierra De Segura Botella 500 Ml
584,584,Fuenroble Aceite De Oliva Virgen Extra Picual Do Sierra De Segura Lata 500 Ml
585,585,Fuenroble Aceite De Oliva Virgen Extra Picual Dop Sierra De Segura Botella 500 Ml
586,586,Fuenroble Aceite De Oliva Virgen Extra Picual Dop Sierra De Segura Lata 3 L
587,587,Fuenroble Aceite De Oliva Virgen Extra Picual Dop Sierra De Segura Lata 500 Ml
588,588,Germanor Aceite De Oliva Virgen Extra Arbequina Garrafa 2 L
589,589,Go Vegg Crema De La Huerta Con Aceite De Oliva Virgen Extra Tarrina 280 Ml
590,590,Gotas De Abril Aceite De Oliva Virgen Extra Botella 500 Ml
591,591,Guillen Aceite De Oliva Virgen Extra Garrafa 5 L
592,592,Hacienda El Palo Aceite De Oliva Virgen Extra Picual Botella 500 Ml
593,593,Iznaoliva Aceite De Oliva Virgen Extra Botella 1 L
594,594,Jacoliva Aceite De Oliva Virgen Extra Garrafa 2 L
595,595,Jacoliva Aceite De Oliva Virgen Extra Garrafa 5 L
596,596,Jaencoop Aceite De Oliva Virgen Extra Picual Botella 1 L
597,597,Jaencoop Aceite De Oliva Virgen Extra Picual Garrafa 5 L
598,598,Lestornell Aceite De Oliva Virgen Extra Botella 750 Ml
599,599,La Almazara De Canjayar Aceite De Oliva Virgen Extra Botella 1 L
600,600,La Almazara De Canjayar Aceite De Oliva Virgen Extra Coupage Botella 250 Ml
601,601,La Almazara De Canjayar Aceite De Oliva Virgen Extra Garrafa 5 L
602,602,La Boella Aceite De Oliva Virgen Extra 100 Arbequina Garrafa 2 L
603,603,La Boella Aceite De Oliva Virgen Extra Arbequina Botella 500 Ml
604,604,La Espanola Aceite De Oliva Intenso 1 Botella 1 L
605,605,La Espanola Aceite De Oliva Suave 04 Botella 1 L
606,606,La Espanola Aceite De Oliva Suave 04 Garrafa 3 L
607,607,La Espanola Aceite De Oliva Suave 04 Garrafa 5 L
608,608,La Espanola Aceite De Oliva Virgen Extra 5 Botellas 20 Ml
609,609,La Espanola Aceite De Oliva Virgen Extra Garrafa 3 L
610,610,La Espanola Aceite De Oliva Virgen Extra Gourmet 100 Hojiblanca Nueva Cosecha Botella 500 Ml
611,611,La Espanola Aceite De Oliva Virgen Extra Gourmet Botella 500 Ml
612,612,La Espanola Aceite De Oliva Virgen Extra Gourmet By Martin Berasategui Botella 500 Ml
613,613,La Espanola Aceite De Oliva Virgen Extra Spray 200 Ml
614,614,La Espanola Condimento Preparado A Base De Oliva Virgen Extra A La Trufa Blanca Botella 250 Ml
615,615,La Laguna De Fuente De Piedra Aceite De Oliva Virgen Extra Suave Botella 1 L
616,616,La Organic Cuisine Aceite De Oliva Virgen Extra Botella 500 Ml
617,617,La Organic Cuisine Aceite De Oliva Virgen Extra Ecologico Lata 3 L
618,618,La Redonda Aceite De Oliva Virgen Extra Arbequina Botella 500 Ml
619,619,Maestros De Hojiblanca Aceite De Oliva Virgen Extra Ecologico Botella 500 Ml Envase De Vidrio
620,620,Maestros De Hojiblanca Aceite De Oliva Virgen Extra Ecologico Botella 750 Ml
621,621,Maestros De Hojiblanca Aceite De Oliva Virgen Extra Sabor Frutado Medio Suave Con Manzana Almendra Y Platano Botella 500 Ml Oda A Nuestra Tierra N 
622,622,Maestros De Hojiblanca Aceite De Oliva Virgen Extra Sabor Intenso Amargo Y Picante Botella 500 Ml Oda A Nuestra Tierra N 5
623,623,Maestros De Hojiblanca El Nuestro Aceite De Oliva Virgen Extra Botella 1 L
624,624,Maestros De Hojiblanca El Nuestro Aceite De Oliva Virgen Extra Garrafa 3 L
625,625,Maestros De Hojiblanca El Nuestro Aceite De Oliva Virgen Extra Garrafa 5 L
626,626,Marques De Grinon Aceite De Oliva Virgen Extra Arbequina Botella 500 Ml
627,627,Marques De Grinon Aceite De Oliva Virgen Extra Duo Mezcla Arbequina Y Picual Botella 500 Ml
628,628,Marques De Grinon Aceite De Oliva Virgen Extra Picual Botella 500 Ml
629,629,Merula Aceite De Oliva Virgen Extra Botella 500 Ml
630,630,Miro Aceite De Oliva Virgen Extra Dop Siurana Botella 500 Ml
631,631,Molino De Olivas De Bolea Aceite De Oliva Virgen Extra Arbequina Botella 250 Ml
632,632,Mueloliva Aceite De Oliva Virgen Extra Pack 5 Botellas 20 Ml
633,633,Nunez De Prado Aceite De Oliva Virgen Extra Ecologico Dop Baena Botella 500 Ml
634,634,Oleaurum Aceite De Oliva Virgen Extra Dop Les Garrigues Botella 750 Ml
635,635,Oleaurum Aceite De Oliva Virgen Extra Dop Siurana Botella 750 Ml
636,636,Oleaurum Aceite De Oliva Virgen Extra Variedad Arbequina Dop Siurana Ecologico Botella 750 Ml
637,637,Oleaurum Aceite De Oliva Virgen Extra Variedad Arbequina Dop Siurana Lata 500 Ml
638,638,Oleodiel Aceite De Oliva Virgen Extra Botella 1 L
639,639,Oleodiel Aceite De Oliva Virgen Extra Garrafa 5 L
640,640,Oleoestepa Aceite De Oliva Virgen Extra Dop Estepa Botella 1 L
641,641,Oleoestepa Aceite De Oliva Virgen Extra Dop Estepa Botella 750 Ml
642,642,Oleoestepa Aceite De Oliva Virgen Extra Dop Estepa Ecologico Lata 25 L
643,643,Oleoestepa Aceite De Oliva Virgen Extra Hojiblanca Dop Estepa Botella 750 Ml
644,644,Oleoestepa Aceite Oliva Virgen Extra Ecologico Dop Estepa Botella 500 Ml
645,645,Olibeas Aceite De Oliva Virgen Extra Botella 1 L
646,646,Olibeas Aceite De Oliva Virgen Extra Garrafa 5 L
647,647,Olivar De Segura Aceite De Oliva Virgen Extra Ecologico Botella 1 L
648,648,Olivar De Segura Aceite De Oliva Virgen Extra Garrafa 5 L
649,649,Olivar Del Sur Aceite De Oliva Virgen Garrafa 3 L
650,650,Oro Bailen Aceite De Oliva Virgen Extra Arbequina Botella 250 Ml
651,651,Oro Bailen Aceite De Oliva Virgen Extra Arbequina Botella 500 Ml
652,652,Oro Bailen Aceite De Oliva Virgen Extra Arbequina Lata 25 L
653,653,Oro Bailen Aceite De Oliva Virgen Extra Arbequina Lata 500 Ml
654,654,Oro Bailen Aceite De Oliva Virgen Extra Ecologico Picual Botella 500 Ml
655,655,Oro Bailen Aceite De Oliva Virgen Extra Estuche 2 Botellas 100 Ml Variedad Picual Y Arbequina
656,656,Oro Bailen Aceite De Oliva Virgen Extra Frantoio Botella 500 Ml
657,657,Oro Bailen Aceite De Oliva Virgen Extra Hojiblanca Botella 500 Ml
658,658,Oro Bailen Aceite De Oliva Virgen Extra Picual Botella 500 Ml
659,659,Oro Bailen Aceite De Oliva Virgen Extra Picual Lata 500 Ml
660,660,Oro Bailen Aceite De Oliva Virgen Extra Variedad Picual Botella 250 Ml
661,661,Oro Bailen Reserva Familiar Aceite De Oliva Virgen Extra Picual Lata 25 L
662,662,Oro De Genave Aceite De Oliva Virgen Extra Ecologico Botella 750 Ml
663,663,Oro De Genave Aceite De Oliva Virgen Extra Ecologico Seleccion Botella 500 Ml
664,664,Pago Baldios San Carlos Aceite De Oliva Virgen Extra Arbequina De Extremadura Botella 500 Ml
665,665,Palacio De Los Olivos Aceite De Oliva Virgen Extra Picual Recoleccion Temprana Lata 3 L
666,666,Palacio De Los Olivos Aceite De Oliva Virgen Extra Variedad Picual Dop Aceite Campo De Calatrava Botella 500 Ml
667,667,Parqueoliva Aceite De Oliva Virgen Extra Dop Priego De Cordoba Lata 3 L
668,668,Parqueoliva Aceite De Oliva Virgen Extra Dop Priego De Cordoba Lata 5 L
669,669,Parqueoliva Aceite De Oliva Virgen Extra Serie Oro Dop Priego De Cordoba Botella 500 Ml
670,670,Picualia Aceite De Oliva Virgen Extra Picual Pack 3 Garrafas 5 L Caja 15 L
671,671,Picualia Aceite De Oliva Virgen Extra Variedad Picual Garrafa 5 L
672,672,Reales Almazaras De Alcaniz Aceite De Oliva Virgen Extra Botella 750 Ml
673,673,Romanico Aceite De Oliva Virgen Extra Arbequina Botella 500 Ml
674,674,Romanico Aceite De Oliva Virgen Extra Ecologico Botella 500 Ml
675,675,Somontano Aceite De Oliva Virgen Extra Coupade Garrafa 5 L
676,676,Somontano Aceite De Oliva Virgen Extra Coupage Botella 750 Ml
677,677,Somontano Aceite De Oliva Virgen Extra Empeltre Botella 500 Ml
678,678,Torremilano Queso Viejo De Oveja En Aceite De Oliva Virgen Elaborado Con Leche Cruda Cuna 175 G Cortaditas
679,679,Tresces Aceite De Oliva Virgen Extra Variedad Cornicabra Dop Montes De Toledo Botella 500 Ml
680,680,Tresces Aceite De Oliva Virgen Extra Variedad Picual Botella 500 Ml
681,681,Unio Aceite De Oliva Virgen Extra Arbequina Dop Siurana Garrafa 2 L
682,682,Valroble Aceite De Oliva Virgen Extra Pack 4 Latas 250 Ml
683,683,Venta Del Baron Aceite De Oliva Virgen Extra Botella 500 Ml
684,684,Altamira Leche Desnatada Brik 1 L
685,685,Altamira Leche Entera Brik 1 L
686,686,Altamira Leche Semidesnatada Brik 1 L
687,687,Asturiana Leche Desnatada 00 Materia Grasa Botella 15 L
688,688,Asturiana Leche Desnatada 00 Materia Grasa Brik 1 L
689,689,Asturiana Leche Desnatada Botella 15 L
690,690,Asturiana Leche Desnatada Botella 22 L
691,691,Asturiana Leche Desnatada Brik 500 Ml
692,692,Asturiana Leche Desnatada Con Calcio Y Vitamina D Brik 1 L
693,693,Asturiana Leche Desnatada Sin Lactosa 0 Materia Grasa 100 Ingredientes Naturales Brik 1 L
694,694,Asturiana Leche En Polvo Desnatada 1 Mg Estuche 800 G
695,695,Asturiana Leche En Polvo Entera Estuche 800 G
696,696,Asturiana Leche Entera Botella 15 L
697,697,Asturiana Leche Entera Botella 22 L
698,698,Asturiana Leche Entera Brik 500 Ml
699,699,Asturiana Leche Entera Sin Lactosa 100 Ingredientes Naturales Brik 1 L
700,700,Asturiana Leche Semidesnatada Botella 15 L
701,701,Asturiana Leche Semidesnatada Botella 22 L
702,702,Asturiana Leche Semidesnatada Brik 500 Ml
703,703,Asturiana Leche Semidesnatada Con Calcio Y Vitamina D Brik 1 L
704,704,Asturiana Leche Semidesnatada Sin Lactosa 100 Ingredientes Naturales Brik 1 L
705,705,Asturiana Leche Semidesnatada Sin Lactosa Pack 3 Briks 200 Ml
706,706,Asturiana Suprema Leche Desnatada Sin Lactosa Y Sin Materia Grasa Brik 1 L
707,707,Asturiana Suprema Leche Semidesnatada Sin Lactosa Y Baja Grasa Brik 1 L
708,708,Ato Leche Semidesnatada 100 Ecologica Brik 1 L
709,709,Ato Leche Desnatada Botella 15 L
710,710,Ato Leche Desnatada Brik 1 L
711,711,Ato Leche Desnatada Sin Lactosa Brik 1 L
712,712,Ato Leche Entera 100 Ecologica Brik 1 L
713,713,Ato Leche Entera Botella 15 L
714,714,Ato Leche Entera Brik 1 L
715,715,Ato Leche Semidesnatada Botella 15 L
716,716,Ato Leche Semidesnatada Brik 1 L
717,717,Ato Leche Semidesnatada Sin Lactosa Brik 1 L
718,718,Clesa Leche Desnatada Gallega Brik 1 L
719,719,Clesa Leche Entera Gallega Brik 1 L
720,720,Clesa Leche Semidesnatada Gallega Brik 1 L
721,721,Clesa Leche Semidesnatada Sin Lactosa Brik 1 L
722,722,Covap Leche De Cabra Semidesnatada Envase 1 L
723,723,Covap Leche De Oveja Semidesnatada Envase 1 L
724,724,Covap Leche Desnatada Botella 15 L
725,725,Covap Leche Desnatada Brik 1 L
726,726,Covap Leche Desnatada Con Calcio Brik 1 L
727,727,Covap Leche Desnatada Sin Lactosa Brik 1 L
728,728,Covap Leche Entera A2 Protein Brik 1 L
729,729,Covap Leche Entera Botella 15 L
730,730,Covap Leche Entera Brik 1 L
731,731,Covap Leche Entera Sin Lactosa Brik 1 L
732,732,Covap Leche Semidesnatada Botella 15 L
733,733,Covap Leche Semidesnatada Brik 1 L
734,734,Covap Leche Semidesnatada Con Calcio Brik 1 L
735,735,Covap Leche Semidesnatada Sin Lactosa Botella 15 L
736,736,Covap Leche Semidesnatada Sin Lactosa Brik 1 L
737,737,El Buen Pastor Leche Desnatada Brik 1 L
738,738,El Buen Pastor Leche Desnatada Enriquecida Con Calcio Brik 1 L
739,739,El Buen Pastor Leche Semidesnatada Sin Lactosa Brik 1 L
740,740,El Castillo Leche Desnatada Envase 1 L
741,741,El Castillo Leche Entera Brik 1 L
742,742,El Castillo Leche Semidesnatada Brik 1 L
743,743,El Corte Ingles Leche Desnatada Con Calcio Enriquecida Con Vitaminas A D Y E Brik 1 L
744,744,El Corte Ingles Leche Desnatada De Asturias Botella 15 L
745,745,El Corte Ingles Leche Desnatada De Asturias Brik 1 L
746,746,El Corte Ingles Leche Desnatada De Galicia Brik 1 L
747,747,El Corte Ingles Leche Desnatada Sin Lactosa Enriquecida Con Vitaminas A D E Y B9 Brik 1 L
748,748,El Corte Ingles Leche Entera Con Calcio Enriquecida Con Vitaminas A D Y E Brik 1 L
749,749,El Corte Ingles Leche Entera De Asturias Botella 15 L
750,750,El Corte Ingles Leche Entera De Galicia Brik 1 L
751,751,El Corte Ingles Leche Entera Sin Lactosa Enriquecida Con Vitaminas A D E Y B9 Brik 1 L
752,752,El Corte Ingles Leche Semidesnatada Con Calcio Enriquecida Con Vitaminas A D Y E Brik 1 L
753,753,El Corte Ingles Leche Semidesnatada De Asturias Botella 15 L
754,754,El Corte Ingles Leche Semidesnatada De Asturias Brik 1 L
755,755,El Corte Ingles Leche Semidesnatada De Galicia Brik 1 L
756,756,El Corte Ingles Leche Semidesnatada Sin Lactosa Enriquecida Con Vitaminas A D E Y B9 Brik 1 L
757,757,Feiraco Leche Desnatada Brik 1 L
758,758,Feiraco Leche Desnatada Sin Lactosa Brik 1 L
759,759,Feiraco Leche Entera Brik 1 L
760,760,Feiraco Leche Semidesnatada Brik 1 L
761,761,Feiraco Leche Semidesnatada Sin Lactosa Brik 1 L
762,762,Gaza Leche Desnatada Brik 1 L
763,763,Gaza Leche Desnatada Con Calcio Brik 1 L
764,764,Gaza Leche Desnatada Sin Lactosa Brik 1 L
765,765,Gaza Leche Entera Brik 1 L
766,766,Gaza Leche Entera Con Calcio Brik 1 L
767,767,Gaza Leche Entera Sin Lactosa Brik 1 L
768,768,Gaza Leche Semidesnatada Brik 1 L
769,769,Gaza Leche Semidesnatada Con Calcio Brik 1 L
770,770,Gaza Leche Semidesnatada Sin Lactosa Brik 1 L
771,771,Granja Noe Leche Fresca De Cabra Entera Pasteurizada Botella 750 Ml
772,772,Granja Noe Leche Fresca De Oveja Entera Pasteurizada Botella 750 Ml
773,773,Granja Noe Leche Fresca Entera Pasteurizada De Vaca Botella 750 Ml
774,774,Ideal Leche Evaporada Parcialmente Desnatada Para Salsas Y Cremas Brik 525 G
775,775,Ideal Leche Evaporada Parcialmente Desnatada Para Salsas Y Cremas Ligeras Brik 210 G
776,776,Ideal Leche Evaporada Parcialmente Desnatada Sin Lactosa Para Cocinar Salsas Y Cremas Ligeras Brik 525 G
777,777,Kaiku Leche Desnatada Sin Lactosa Enriquecida En Vitaminas A D E Y Acido Folico Brik 1 L
778,778,Kaiku Leche Entera Fresca Botella 1 L
779,779,Kaiku Leche Entera Sin Lactosa Enriquecida En Vitaminas A D E Y Acido Folico Brik 1 L
780,780,Kaiku Leche Semidesnatada Sin Lactosa Enriquecida En Vitaminas A D E Y Acido Folico Brik 1 L
781,781,Kaiku Plus Leche Desnatada Con Calcio Natural 100 Procedente De La Leche Con Vitamina D Brik 1 L
782,782,Kaiku Plus Leche Semidesnatada Con Calcio Natural 100 Procedente De La Leche Con Vitamina D Brik 1 L
783,783,Kaiku Sin Lactosa Leche Semidesnatada Enriquecida Con Calcio Vitamina D Sin Lactosa Brik 1 L
784,784,Kaiku Sin Lactosa Leche Semidesnatada Enriquecida Con Calcio Vitamina D Sin Lactosa Pack 3 Briks 200 Ml
785,785,La Colmenarena Leche Fresca Entera Pasteurizada Brik 1 L
786,786,La Colmenarena Leche Fresca Semidesnatada Pasteurizada Brik 1 L
787,787,La Yerbera Leche De Cabra Entera Esterilizada Botella 1 L
788,788,Lacturale Leche Fresca Entera Botella 1 L
789,789,Lar Leche Desnatada Brik 1 L
790,790,Lar Leche Entera Brik 1 L
791,791,Lar Leche Semidesnatada Brik 1 L
792,792,Larsa Leche Desnatada Brik 1 L
793,793,Larsa Leche Desnatada De Pastoreo Botella 15 L
794,794,Larsa Leche Desnatada Sin Lactosa Brik 1 L
795,795,Larsa Leche Entera Brik 1 L
796,796,Larsa Leche Semidesnatada Brik 1 L
797,797,Larsa Leche Semidesnatada De Pastoreo Botella 15 L
798,798,Larsa Leche Semidesnatada Sin Lactosa Brik 1 L
799,799,Letona Leche Desnatada Brik 1 L
800,800,Letona Leche Entera Brik 1 L
801,801,Letona Leche Entera Fresca Botella 1 L
802,802,Letona Leche Entera Fresca Botella 15 L
803,803,Letona Leche Fresca Semidesnatada Botella 1 L
804,804,Letona Leche Semidesnatada Brik 1 L
805,805,Leyma Natura Leche Desnatada Botella 15 L
806,806,Leyma Natura Leche Desnatada Brik 1 L
807,807,Leyma Natura Leche Entera Botella 15 L
808,808,Leyma Natura Leche Entera Brik 1 L
809,809,Leyma Natura Leche Fresca Entera Botella 15 L
810,810,Leyma Natura Leche Fresca Semidesnatada Botella 15 L
811,811,Leyma Natura Leche Semidesnatada Botella 15 L
812,812,Leyma Natura Leche Semidesnatada Brik 1 L
813,813,Leyma Natura Leche Semidesnatada Sin Lactosa Brik 1 L
814,814,Lilibet Leche Entera De Vaca Pasteurizada Estilo Ingles Botella 750 Ml
815,815,Llet Nostra Leche Desnatada Brik 1 L
816,816,Llet Nostra Leche Desnatada Sin Lactosa Brik 1 L
817,817,Llet Nostra Leche Entera Brik 1 L
818,818,Llet Nostra Leche Semidesnatada Brik 1 L
819,819,Llet Nostra Leche Semidesnatada Sin Lactosa Brik 1 L
820,820,Lletera Campllong Leche Desnatada Brik 1 L
821,821,Lletera Campllong Leche Entera Brik 1 L
822,822,Lletera Campllong Leche Semidesnatada Brik 1 L
823,823,Lletera Campllong Leche Semidesnatada Sin Lactosa Brik 1 L
824,824,Nestle Sveltesse Leche Desnatada En Polvo Rica En Calcio Bote 1 Kg
825,825,Nestle Sveltesse Leche Desnatada En Polvo Rica En Calcio Bote 400 G
826,826,Pascual Leche Desnatada 0 Materia Grasa Botella 15 L
827,827,Pascual Leche Desnatada 0 Materia Grasa Brik 1 L
828,828,Pascual Leche Semidesnatada Pack 6 Botellas 188 Ml
829,829,Pascual Movit Leche Desnatada Con Calcio Brik 1 L
830,830,Pascual Movit Leche Semidesnatada Con Calcio Brik 1 L
831,831,President Leche Desnatada Botella 15 L
832,832,Priegola Leche Fresca Entera Certificada De Granja Pasterizada Envase 1 L
833,833,Priegola Leche Fresca Semidesnatada Pasterizada Sin Lactosa Brik 1 L
834,834,Puleva Leche Desnatada 0 Materia Grasa Sin Lactosa Botella 1 L
835,835,Puleva Leche Desnatada Con Vitamina Ad Brik 1 L
836,836,Puleva Leche Desnatada Enriquecida Con Calcio Brik 1 L
837,837,Puleva Leche Entera 2 Materia Grasa Sin Lactosa Botella 1 L
838,838,Puleva Leche Entera Enriquecida Con Calcio Brik 1 L
839,839,Puleva Leche Entera Mas Ligera Con Vitaminas A D Brik 1 L
840,840,Puleva Leche Fresca Desnatada Botella 1 L
841,841,Puleva Leche Semidesnatada 1 Materia Grasa Sin Lactosa Botella 1 L
842,842,Puleva Leche Semidesnatada Con Vitamina Ad Brik 1 L
843,843,Puleva Leche Semidesnatada Enriquecida Con Calcio Brik 1 L
844,844,Puleva Leche Semidesnatada Enriquecida Con Calcio Sin Lactosa Brik 1 L
845,845,Puleva Leche Semidesnatada Mas Ligera Con Vitaminas Ad Brik 1 L
846,846,Puleva Peques 2 Leche De Continuacion Con Omega 3 Dha Calcio Y 13 Vitaminas De 6 A 12 Meses Brik 1 L Sin Aceite De Palma
847,847,Puleva Peques 3 Crecimiento Preparado Lacteo Con Cereales Omega 3 Dha Calcio De 12 A 36 Meses Brik 1 L Sin Aceite De Palma
848,848,Puleva Peques 3 Crecimiento Preparado Lacteo Con Omega 3 Dha Calcio Y 13 Vitaminas De 12 A 36 Meses Brik 1 L Sin Azucar Anadido Y Sin Aceite De P
849,849,Senorio De Sarria Leche Desnatada Brik 1 L
850,850,Senorio De Sarria Leche Entera Brik 1 L
851,851,Senorio De Sarria Leche Entera Fresca Botella 1 L
852,852,Senorio De Sarria Leche Semidesnatada Brik 1 L
853,853,Senorio De Sarria Leche Semidesnatada Fresca Botella Bolsa 1 L
854,854,Tierra De Sabor Leche Desnatada Brik 1 L
855,855,Tierra De Sabor Leche Entera Brik 1 L
856,856,Tierra De Sabor Leche Semidesnatada Brik 1 L
857,857,Unicla Leche Desnatada Brik 1 L
858,858,Unicla Leche Desnatada Sin Lactosa Brik 1 L
859,859,Unicla Leche Entera Brik 1 L
860,860,Unicla Leche Semidesnatada Brik 1 L
861,861,Unicla Leche Semidesnatada Sin Lactosa Brik 1 L
862,862,Valles Unidos Leche Desnatada De Cantabria Brik 1 L
863,863,Valles Unidos Leche Entera De Cantabria Brik 1 L
864,864,Valles Unidos Leche Semidesnatada De Cantabria Brik 1 L
865,865,Villacorona Leche Desnatada Brik 1 L
866,866,Villacorona Leche Entera Brik 1 L
867,867,Villacorona Leche Semidesnatada Brik 1 L
868,868,Villacorona Leche Semidesnatada Sin Lactosa Brik 1 L
869,869,Capicua Aceite De Girasol Alto Oleico Botella De 1 L
870,870,Coosol Aceite De Girasol Botella De 1 L
871,871,Coosol Premium Aceite De Girasol Botella De 1 L
872,872,Girasol Cexasol 1 L
873,873,Koipe Fritos Aceite De Girasol Especial Para Frituras Botella De 1 L
874,874,La Masia Aceite De Girasol Botella 1 L
875,875,Ondosol Aceite De Girasol Botella 1 L
876,876,Producto Alcampo Aceite De Girasol Botella De 1 L
877,877,Producto Alcampo Aceite De Girasol Garrafa De 5 L
878,878,Producto Alcampo Aceite De Refinado De Girasol Alto Oleico Botella De 1 L
879,879,Aceite De Oliva Virgen Extra Procedente Aceitunas Tempranas Variedad Picuda Mueloliva Lata De 5 L
880,880,Alcampo Gourmet Aceite De Oliva Virgen Extra Arbequina Dop Estepa Botella De 500 Ml
881,881,Alcampo Gourmet Aceite De Oliva Virgen Extra Picual Botella De 500 Ml
882,882,Alcampo Gourmet Aceite De Oliva Virgen Extra Seleccion Maestro De Almazara Botella De 1L
883,883,Borges Aceite De Oliva Virgen Extra Suave Y Afrutado Botella De Cristal De 750 Ml
884,884,Carbonel Sabor Aceite De Oliva Intenso Botella 1 L
885,885,Carbonell Aceite De Oliva Spray Especial Plancha Sabor Bote De 200 Ml
886,886,Carbonell Aceite De Oliva Suave Botella De 3 L
887,887,Carbonell Aceite De Oliva Suave Garrafa De 5 L
888,888,Carbonell Aceite De Oliva Virgen Extra 100 Hojiblanca Botella De Cristal De 750 Ml
889,889,Carbonell Extra Suave Aceite De Oliva 1 L
890,890,Carbonell Gran Seleccion Aceite De Oliva Virgen Extra Botella De Cristal De 750 Ml
891,891,Carbonell Gran Seleccion Aceite De Oliva Virgen Extra Picual Botella De Cristal De 750 Ml
892,892,Carbonell Gran Seleccion Aceite De Oliva Virgen Extra Regium Botella De Cristal De 750 Ml
893,893,Coosur Aceite De Oliva Virgen Extra 5 L
894,894,Coosur Aceite De Oliva Virgen Cocina Mediterranea Botella De 1 L
895,895,Coosur Aceite De Oliva Virgen Cocina Mediterranea Garrafa De 5 L
896,896,Coosur Aceite De Oliva Virgen Extra Aove Ecologico Intensidad 3 1 L
897,897,Coosur Aceite De Oliva Virgen Extra Botella De 1 L
898,898,Coosur Aceite De Oliva Virgen Extra Cornicabra Botella De 1 L
899,899,Fruto Del Sur Aceite De Oliva Virgen Extra Botella De 1 L
900,900,Fruto Del Sur Aceite De Oliva Virgen Extra Botella De Cristal De 750 Milils
901,901,Fruto Del Sur Aceite De Oliva Virgen Extra Garrafa De 5 L
902,902,Guillen Aceite De Oliva Intenso Botella 1 L
903,903,Guillen Aceite De Oliva Suave Botella 1 L
904,904,Guillen Aceite De Oliva Virgen 5 L
905,905,Guillen Aceite De Oliva Virgen Extra Aove Garrafa 5 L
906,906,Koipe Sabor Aceite De Oliva Botella De 1 L
907,907,La Espanola Aceite De Oliva Intenso 5 L
908,908,La Espanola Aceite De Oliva Suave Garrafa De 5 L
909,909,La Espanola Aceite De Oliva Suave Lata De 5 L
910,910,La Espanola Aceite De Oliva Virgen Extra Lata De 5 L
911,911,La Masia Aceite De Oliva Intenso Garrafa 3 L
912,912,La Masia Aceite De Oliva Intenso Garrafa De 5 L
913,913,La Masia Aceite De Oliva Suave Garrafa 3 L
914,914,La Masia Aceite De Oliva Suave Garrafa 5 L
915,915,La Masia Aceite De Oliva Virgen Extra Botella 1 L
916,916,La Masia Aceite De Oliva Virgen Extra Garrafa 5 L
917,917,La Masia Aceite De Oliva Virgen Seleccion Botella 1 L
918,918,La Masia Aceite De Orujo De Oliva Lindoliva Garrafa De 5 L
919,919,Maestros De Hojiblanca Aceite De Oliva Virgen Extra Botella 1 L
920,920,Maestros De Hojiblanca Aceite De Oliva Virgen Extra Botella De 3 L
921,921,Maestros De Hojiblanca Aceite De Oliva Virgen Extra Garrafa De 5 L
922,922,Maestros De Hojiblanca Oda N 5 Aceite De Oliva Virgen Extra Especial Ensaladas Y Verdura Botella De 500 Ml
923,923,Mar De Olivos Aceite De Oliva Virgen Botella De 1 L
924,924,Mar De Olivos Aceite De Oliva Virgen Extra Botella De 1 L
925,925,Mar De Olivos Aceite De Oliva Virgen Extra Garrafa De 5 L
926,926,Mar De Olivos Aceite De Oliva Virgen Garrafa 5 L
927,927,Monegros Aceite De Oliva Virgen Extra Monegros Garrafa De 2 L
928,928,Oleo Cazorla Aceite De Oliva Virgen Extra Dop Sierra De Cazorla Lata De 5 L
929,929,Oleocazorla Aceite De Oliva Virgen Extra Dop Sierra De Cazorla Garrafa De 5 L
930,930,Olivar Centenario Aceite De Oliva Virgen Extra Garrafa De 5 L
931,931,Olivar Centenario Aceite De Oliva Virgen Garrafa De 5 L
932,932,Olivar De Segura Aceite De Oliva Virgen Extra Picual Dop Segura Lata De 5 L
933,933,Olivo De Cambil Aceite De Oliva Virgen Extra Olivo De Cambil Lata De 5 L
934,934,Ondoliva Aceite De Oliva Sabor Intenso Botella 1 L
935,935,Ondoliva Aceite De Oliva Sabor Suave Botella 1 L
936,936,Producto Alcampo Aceite De Orujo De Oliva Botella 1 L
937,937,Producto Alcampo Aceite De Oliva Intenso Botella De 1 L
938,938,Producto Alcampo Aceite De Oliva Intenso Garrafa De 5 L
939,939,Producto Alcampo Aceite De Oliva Suave Botella 1 L
940,940,Producto Alcampo Aceite De Oliva Suave Garrafa De 5 L
941,941,Producto Alcampo Aceite De Oliva Virgen De Origen Espanol Botella 1 L
942,942,Producto Alcampo Aceite De Oliva Virgen Extra Botella 1 L
943,943,Producto Alcampo Aceite De Oliva Virgen Extra Botella De Cristal De 750 Ml
944,944,Producto Alcampo Aceite De Oliva Virgen Extra Garrafa De 5 L
945,945,Saeta Aceite De Oliva Intenso 1 L
946,946,Saeta Aceite De Oliva Suave 1 L
947,947,Senorio De Segura Aceite De Oliva Virgen Extra Dosierra Del Segura Botella 750 Ml
948,948,Valdezarza Aceite De Oliva Virgen Extra 25 L
949,949,Valdezarza Aceite De Oliva Virgen Extra Arbequina Botella De 500 Ml
950,950,Valdezarza Aceite De Oliva Virgen Extra Botella 1 L
951,951,Valdezarza Aceite De Oliva Virgen Extra Garrafa De 5 L
952,952,Valdezarza Aceite De Oliva Virgen Extra Lata 3 L
953,953,Valdezarza Aceite De Oliva Virgen Extra Picual Botella De 500 Ml
954,954,Verde Segura Aceite De Oliva Virgen Extra Garrafa De 2 L
955,955,Ybarra Aceite De Oliva Intenso Botella 1 L
956,956,Ybarra Aceite De Oliva Suave Botella 1 L
957,957,Ybarra Aceite De Oliva Suave Garrafa 5 L
958,958,Ybarra Aceite De Oliva Suave Lata De 5 L
959,959,Ybarra Aceite De Oliva Virgen Extra Botella De Cristal De 750 Ml
960,960,Ybarra Aceite De Oliva Virgen Extra Botella 500 Ml
961,961,Ybarra Aceite De Oliva Virgen Extra Garrafa 5 L
962,962,Alcampo Cultivamos Lo Bueno Leche De Vaca Desnatada De Origen Espanola 1 L
963,963,Alcampo Cultivamos Lo Bueno Leche De Vaca Desnatada De Origen Espanola 6X1 L
964,964,Alcampo Cultivamos Lo Bueno Leche De Vaca Entera Fresca De Origen Espanola 1 L
965,965,Alcampo Cultivamos Lo Bueno Leche De Vaca Entera De Origen Espanola 1 L
966,966,Alcampo Cultivamos Lo Bueno Leche De Vaca Entera De Origen Espanola 6X1 L
967,967,Alcampo Cultivamos Lo Bueno Leche De Vaca Fresca Desnatada De Origen Espanola 1 L
968,968,Alcampo Cultivamos Lo Bueno Leche De Vaca Semidesnatada Fresca De Origen Espanola 1 L
969,969,Alcampo Cultivamos Lo Bueno Leche De Vaca Semidesnatada De Origen Espanola 1 L
970,970,Alcampo Cultivamos Lo Bueno Leche De Vaca Semidesnatada De Origen Espanola 6X1 L
971,971,Auchan Leche Desnatada De Vaca 1 L Producto Alcampo
972,972,Auchan Leche Desnatada De Vaca 6X 1 L Producto Alcampo
973,973,Auchan Leche Desnatada De Vaca Enriquecida Con Calcio 1 L Producto Alcampo
974,974,Auchan Leche Desnatada De Vaca Enriquecida Con Calcio 6 X 1 L Producto Alcampo
975,975,Auchan Leche Desnatada De Vaca Sin Lactosa 1 L Producto Alcampo
976,976,Auchan Leche Desnatada De Vaca Sin Lactosa 6 X 1L Producto Alcampo
977,977,Auchan Leche Entera De Vaca 1 L Producto Alcampo
978,978,Auchan Leche Entera De Vaca 6 X 1 L Producto Alcampo
979,979,Auchan Leche Entera De Vaca Enriquecida Con Calcio 1 L Producto Alcampo
980,980,Auchan Leche Entera De Vaca Enriquecida Con Calcio 6 X 1 L Producto Alcampo
981,981,Auchan Leche Entera De Vaca Sin Lactosa 1 L Producto Alcampo
982,982,Auchan Leche Entera De Vaca Sin Lactosa 6 X 1 L Producto Alcampo
983,983,Auchan Leche Semidesnatada De Vaca 1 L Producto Alcampo
984,984,Auchan Leche Semidesnatada De Vaca 6 X 1L Producto Alcampo
985,985,Auchan Leche Semidesnatada De Vaca Enriquecida Con Calcio 1 L Producto Alcampo
986,986,Auchan Leche Semidesnatada De Vaca Enriquecida Con Calcio 6 X 1 L Producto Alcampo
987,987,Auchan Leche Semidesnatada De Vaca Sin Lactosa 1 L Producto Alcampo
988,988,Auchan Leche Semidesnatada De Vaca Sin Lactosa 6 X 1L Producto Alcampo
989,989,Celta Leche Desnatada De Vaca Con Bienestar Animal Garantizado 4 X 15 L
990,990,Celta Leche Entera De Vaca Con Bienestar Animal Garantizado 15 L
991,991,Central Lechera Asturiana Leche De Vaca Semidesnatada Sin Lactosa 6 X 1L
992,992,Central Lechera Asturiana Leche De Vaca Desnatada 00 Materia Grasa De Origen Espanol 6 X 1 L
993,993,Central Lechera Asturiana Leche De Vaca Desnatada 00 Materia Grasa De Origen Espanol 6 X 15 L
994,994,Central Lechera Asturiana Leche De Vaca Desnatada De Origen Espanol 6 X 15 L
995,995,Central Lechera Asturiana Leche De Vaca Desnatada De Origen Espanol 6 X 1L
996,996,Central Lechera Asturiana Leche De Vaca Entera De Origen Espanol 6 X 15 L
997,997,Central Lechera Asturiana Leche De Vaca Entera De Origen Espanol 6 X 1L
998,998,Central Lechera Asturiana Leche De Vaca Entera De Origen Espanol 6 X 500 Ml
999,999,Central Lechera Asturiana Leche De Vaca Entera Sin Lactosa 6 X 1 L
1000,1000,Central Lechera Asturiana Leche De Vaca Entera Y Sin Lactosa De Origen Espanola 1 L
1001,1001,Central Lechera Asturiana Leche De Vaca Semidesnatada De Origen Espanol 6 X 1 L
1002,1002,Central Lechera Asturiana Leche De Vaca Semidesnatada De Origen Espanol 6 X 15 L
1003,1003,Central Lechera Asturiana Leche De Vaca Semidesnatada De Origen Espanol 6 X 500 Ml
1004,1004,Central Lechera Asturiana Leche De Vaca Semidesnatada Sin Lactosa De Origen Espanol 1 L
1005,1005,Central Lechera Asturiana Leche Desnatada 00 Materia Grasa De Vaca De Origen Espanol 1 L
1006,1006,Central Lechera Asturiana Leche Desnatada 00 Materia Grasa De Vaca De Origen Espanola 15L
1007,1007,Central Lechera Asturiana Leche Desnatada 0 Materia Grasa Sin Lactosa 6 X 1L
1008,1008,Central Lechera Asturiana Leche Desnatada 0 Materia Grasa Sin Lactosa 1 L
1009,1009,Central Lechera Asturiana Leche Desnatada 500 Ml
1010,1010,Central Lechera Asturiana Leche Desnatada De Vaca De Origen Espanol 6 X 500 Ml
1011,1011,Central Lechera Asturiana Leche Desnatada De Vaca De Origen Espanola 1 L
1012,1012,Central Lechera Asturiana Leche Desnatada De Vaca De Origen Espanola 15 L
1013,1013,Central Lechera Asturiana Leche Entera De Vaca De Origen Espanol 15 L
1014,1014,Central Lechera Asturiana Leche Entera De Vaca 100 Natural 6 X 200 Ml
1015,1015,Central Lechera Asturiana Leche Entera De Vaca De Origen Espanol 1 L
1016,1016,Central Lechera Asturiana Leche Entera De Vaca De Origen Espanola 500 Ml
1017,1017,Central Lechera Asturiana Leche Semidesnatada De Vaca De Origen Espanola 15 L
1018,1018,Central Lechera Asturiana Leche Semidesnatada De Vaca De Origen Espanola 1 L
1019,1019,Central Lechera Asturiana Leche Semidesnatada De Vaca De Origen Espanola 500 Ml
1020,1020,Kaiku Leche De Vaca Desnatada 0 Materia Grasa Sin Lactosa Y Con Acido Folico 1 L
1021,1021,Kaiku Leche De Vaca Semidesnatada Y Sin Lactosa 1 L
1022,1022,Kaiku Leche Entera De Vaca Sin Lactosa 1 L
1023,1023,Kaiku Leche Semidesnatada De Vaca Sin Lactosa 6 X 1L
1024,1024,Lr Leche De Vaca Entera 1L
1025,1025,Lr Leche Desnatada De Vaca Sin Lactosa 1L
1026,1026,Lr Leche Entera 6 X 1 L
1027,1027,Lr Leche Entera De Vaca Sin Lactosa 1L
1028,1028,Lr Leche Semidesnatada De Vaca Sin Lactosa 1L
1029,1029,Lr Leche Semidesnatada De Vaca Sin Lactosa 6X 1L
1030,1030,La Colmenarena Leche De Vaca Entera Fresca Y Pasteurizada 1 L
1031,1031,La Colmenarena Leche De Vaca Semidesnatada Fresca Y Pasteurizada 1 L
1032,1032,Mntbelle Leche Fresca De Cabra 750 Ml 
1033,1033,Mntbelle Leche Fresca De Oveja 750 Ml
1034,1034,Pascual Leche De Vaca Desnatada Y Sin Lactosa 1 L
1035,1035,Pascual Leche De Vaca Desnatada De Bienestar Animal Garantizado 6 X 15 L
1036,1036,Pascual Leche De Vaca Desnatada De Bienestar Animal Garantizado 15 L
1037,1037,Pascual Leche De Vaca Entera Y Sin Lactosa 1 L
1038,1038,Pascual Leche De Vaca Entera De Bienestar Animal Garantizado 15 L
1039,1039,Pascual Leche De Vaca Entera De Bienestar Animal Garantizado 6 X 15 L
1040,1040,Pascual Leche De Vaca Semidesnatada Y Sin Lactosa 1 L
1041,1041,Pascual Leche De Vaca Semidesnatada De Bienestar Animal Garantizado 15 L
1042,1042,Pascual Leche De Vaca Semidesnatada De Bienestar Animal Garantizado 6 X 15 L
1043,1043,Pascual Leche Desnatada 0 Materia Grasa 6 X 1L
1044,1044,Pascual Leche Desnatada 1 L
1045,1045,Pascual Leche Desnatada De Vaca Con Calcio Y Con Un Alto Contenido En Vitamina D 1 L
1046,1046,Pascual Leche Desnatada De Vaca Con Calcio Y Con Un Alto Contenido En Vitamina D 6 X 1 L
1047,1047,Pascual Leche Desnatada Sin Lactosa Procedente De Vacas Con Bienestar Garantizado 6 X 1L
1048,1048,Pascual Leche Entera De Vaca 1 L
1049,1049,Pascual Leche Entera Procedente De Animales Con Bienestar Garantizado 6X 1L
1050,1050,Pascual Leche Entera Sin Lactosa Procedente De Vacas Con Bienestar Garantizado 6 X 1 L
1051,1051,Pascual Leche Semidesnatada 1 L
1052,1052,Pascual Leche Semidesnatada De Vaca Con Calcio Y Con Un Alto Contenido En Vitamina D 1 L
1053,1053,Pascual Leche Semidesnatada De Vaca Con Calcio Y Con Un Alto Contenido En Vitamina D 6 X 1 L
1054,1054,Pascual Leche Semidesnatada Procedente De Animales Con Bienestar Garantizado 6 X 1L
1055,1055,Pascual Leche Semidesnatada Sin Lactosa Procedente De Vacas Con Bienestar Garantizado 6 X 1L
1056,1056,President Leche Desnatada De Vaca De Origen 100 Espanol 6 X 1 L
1057,1057,President Leche Desnatada De Vaca De Origen 100 Espanola 1 L
1058,1058,President Leche Entera De Vaca De Origen 100 Espanol 6 X 1 L
1059,1059,President Leche Entera De Vaca De Origen 100 Espanola 1 L
1060,1060,President Leche Entera De Vaca De Origen 100 Espanol Seleccion 15 L
1061,1061,President Leche Semidesnatada De Vaca De Origen 100 Espanol 1 L
1062,1062,President Leche Semidesnatada De Vaca De Origen 100 Espanol 6 X 1 L
1063,1063,President Leche Semidesnatada De Vaca De Origen 100 Espanol Seleccion 15 L
1064,1064,Priegola Leche Entera Fresca 1 L
1065,1065,Priegola Leche Semidesnatada Fresca Sin Lactosa 1 L
1066,1066,Puleva Bebida Lactea Con Extractos Vegetales Y Triptofano Sin Lactosa Buenas Noches 1 X6 L
1067,1067,Puleva Eco Leche Entera 1 L
1068,1068,Puleva Eco Leche Semidesnatada Ecologica De Vaca Sin Lactosa 1 L
1069,1069,Puleva Eco Leche Desnatada 1 L
1070,1070,Puleva Eco Leche Desnatada Pack De 6 Uds X 1 L
1071,1071,Puleva Eco Leche Semidesnatada 1 L
1072,1072,Puleva Ecoleche Entera Pack De 6 Uds X 1 L
1073,1073,Puleva Leche De Crecimiento Sin Lactosa Con Omega 3 Max Crecimiento Desarrollo 6 X 1 L
1074,1074,Puleva Leche De Crecimiento Sin Lactosa Y Enriquecida Con Omega 3 Max Crecimiento Desarrollo 1 L
1075,1075,Puleva Leche De Vaca Entera Ligera Solo 2 De Materia Grasa 6 X 1 L
1076,1076,Puleva Leche Desnatada 0 Materia Grasa De Vaca Con Un 50 Mas De Calcio Natural Vita Calcio 6 X 1L
1077,1077,Puleva Leche Desnatada 0 Materia Grasa De Vaca Sin Lactosa Mananas Ligeras 1 L
1078,1078,Puleva Leche Desnatada 0 Materia Grasa De Vaca Sin Lactosa Mananas Ligeras 6 X 1L
1079,1079,Puleva Leche Desnatada De Vaca 0 Materia Grasa Con Un 50 Mas De Calcio Natural Vita Calcio 1L
1080,1080,Puleva Leche Entera De Vaca Sin Lactosa Mananas Ligeras 1 L
1081,1081,Puleva Leche Entera De Vaca Sin Lactosa Mananas Ligeras 6 X 1L
1082,1082,Puleva Leche Fresca De Vaca Desnatada 1 L
1083,1083,Puleva Leche Fresca De Vaca Semidesnatada 1 L
1084,1084,Puleva Leche Fresca Entera De Vaca De Pastoreo De Procedencia 100 Espanola 15 L
1085,1085,Puleva Leche Semidesnatada De Vaca Con Un 50 Mas De Calcio Natural Vita Calcio 1L
1086,1086,Puleva Leche Semidesnatada De Vaca Con Un 50 Mas De Calcio Natural Vita Calcio 6 X 1 L
1087,1087,Puleva Leche Semidesnatada De Vaca Sin Lactosa Mananas Ligeras 1L
1088,1088,Puleva Leche Semidesnatada De Vaca Sin Lactosa Mananas Ligeras 6 X 1 L
1089,1089,Puleva Leche Semidesnatada De Vacas Con Alimentacion Ecologica Eco 6 X 1 L
1090,1090,Puleva Omega 3 Preparado Lacteo Desnatado Sin Lactosa Y Enriquecido Con Acido Oleico Y Omega 3 6 X 1L
1091,1091,Puleva Omega 3 Preparado Lacteo Desnatado Sin Lactosa Y Enriquecido Con Acido Oleico Y Omega 3 1 L
1092,1092,Puleva Proteina Extra Pro Leche De Vaca Desnatada Sin Lactosa Con Un Alto Contenido En Proteinas 1 L
1093,1093,Puleva Proteina Extra Pro Leche De Vaca Desnatada Sin Lactosa Con Un Alto Contenido En Proteinas 6 X 1 L
1094,1094,Puleva Vita Calcio Leche Entera De Vaca Con Un 50 Mas De Calcio Natural 1 L
1095,1095,Puleva Vita Calcio Leche Entera De Vaca Con Un 50 Mas De Calcio Natural 6 X 1L
1096,1096,Santa Gadea Leche De Cabra Ecologica Pack De 6 Botellas De 1 L
1097,1097,Santa Gadea Leche Semidesnatada De Cabra Ecologica 1 L
